person_id,name,dob,address_street_name,address_number,phone_number,license_id,gender,ssn
100101,Aarav Sharma,19850315,Orchid Avenue,12,9876543210,ASL12345,Male,123-456-7890
100102,John Smith,19921122,Maple Street,45,9876543211,ASL67890,Male,234-567-8901
100103,Aditya Singh,19780701,Oak Drive,101,9876543212,ASL11223,Male,345-678-9012
100104,Michael Johnson,20000130,Pine Lane,23,9876543213,ASL44556,Male,456-789-0123
100105,Arjun Kumar,19890518,Cedar Avenue,8,9876543214,ASL77889,Male,567-890-1234
100106,William Brown,19950903,Elm Street,56,9876543215,ASL99001,Male,678-901-2345
100107,David Jones,19820214,Birch Road,210,9876543216,ASL22334,Male,789-012-3456
100108,Richard Garcia,19980625,Willow Way,78,9876543217,ASL55667,Male,890-123-4567
100109,Joseph Miller,19751212,Aspen Court,3,9876543218,ASL88990,Male,901-234-5678
100110,Thomas Davis,20030409,Spruce Place,15,9876543219,ASL11234,Male,012-345-6789
100111,Ananya Sharma,19880817,Orchid Avenue,14,9876543220,ASL56789,Female,123-456-7891
100112,Mary Rodriguez,19940120,Maple Street,47,9876543221,ASL01234,Female,234-567-8902
100113,Saanvi Singh,19811005,Oak Drive,103,9876543222,ASL56780,Female,345-678-9013
100114,Patricia Martinez,20020316,Pine Lane,25,9876543223,ASL12309,Female,456-789-0124
100115,Myra Kumar,19910728,Cedar Avenue,10,9876543224,ASL87654,Female,567-890-1235
100116,Jennifer Hernandez,19971113,Elm Street,58,9876543225,ASL32109,Female,678-901-2346
100117,Linda Lopez,19840424,Birch Road,212,9876543226,ASL87650,Female,789-012-3457
100118,Elizabeth Gonzalez,20000905,Willow Way,80,9876543227,ASL43215,Female,890-123-4568
100119,Barbara Wilson,19770222,Aspen Court,5,9876543228,ASL98765,Female,901-234-5679
100120,Susan Anderson,20050619,Spruce Place,17,9876543229,ASL10987,Female,012-345-6780
100121,James Thomas,19860901,Hickory Lane,33,9876543230,ASL65432,Male,123-456-7880
100122,Robert Taylor,19930312,Chestnut Drive,19,9876543231,ASL10988,Male,234-567-8911
100123,Charles Moore,19801129,Sycamore Street,204,9876543232,ASL76543,Male,345-678-9022
100124,Daniel Jackson,20010815,Magnolia Avenue,67,9876543233,ASL21098,Male,456-789-0133
100125,Matthew Martin,19900207,Poplar Road,88,9876543234,ASL87651,Male,567-890-1244
100126,Anthony Lee,19960421,Redwood Way,121,9876543235,ASL32106,Male,678-901-2355
100127,Mark Perez,19831011,Cypress Court,30,9876543236,ASL87652,Male,789-012-3466
100128,Donald Thompson,19990101,Dogwood Place,99,9876543237,ASL43217,Male,890-123-4577
100129,Steven White,19760707,Juniper Lane,1,9876543238,ASL98763,Male,901-234-5688
100130,Paul Harris,20040505,Fir Drive,42,9876543239,ASL10985,Male,012-345-6799
100131,Jessica Sanchez,19890414,Hickory Lane,35,9876543240,ASL65430,Female,123-456-7881
100132,Sarah Clark,19950823,Chestnut Drive,21,9876543241,ASL10986,Female,234-567-8912
100133,Karen Ramirez,19830110,Sycamore Street,206,9876543242,ASL76541,Female,345-678-9023
100134,Nancy Lewis,20030218,Magnolia Avenue,69,9876543243,ASL21096,Female,456-789-0134
100135,Lisa Robinson,19920630,Poplar Road,90,9876543244,ASL87653,Female,567-890-1245
100136,Betty Walker,19981201,Redwood Way,123,9876543245,ASL32104,Female,678-901-2356
100137,Helen Young,19850515,Cypress Court,32,9876543246,ASL87654,Female,789-012-3467
100138,Sandra Allen,20010303,Dogwood Place,101,9876543247,ASL43219,Female,890-123-4578
100139,Donna King,19781010,Juniper Lane,3,9876543248,ASL98761,Female,901-234-5689
100140,Carol Wright,20060707,Fir Drive,44,9876543249,ASL10983,Female,012-345-6790
100141,Andrew Scott,19870611,Crimson Court,7,9876543250,ASL11122,Male,112-233-4455
100142,Brian Green,19941018,Azure Alley,22,9876543251,ASL33445,Male,223-344-5566
100143,Kevin Baker,19810125,Golden Gate,130,9876543252,ASL66778,Male,334-455-6677
100144,Jason Adams,20021203,Silver Street,245,9876543253,ASL99001,Male,445-566-7788
100145,George Nelson,19910509,Bronze Boulevard,31,9876543254,ASL22334,Male,556-677-8899
100146,Kenneth Hill,19970828,Copper Corner,17,9876543255,ASL55667,Male,667-788-9900
100147,Ronald Carter,19840304,Platinum Place,2,9876543256,ASL88990,Male,778-899-0011
100148,Edward Mitchell,19990716,Emerald Esplanade,89,9876543257,ASL11235,Male,889-900-1122
100149,Timothy Perez,19771111,Ruby Road,199,9876543258,ASL44568,Male,990-011-2233
100150,Jose Roberts,20050202,Sapphire Street,50,9876543259,ASL77891,Male,001-122-3344
100151,Ruth Turner,19901224,Crimson Court,9,9876543260,ASL11123,Female,112-233-4456
100152,Sharon Phillips,19960307,Azure Alley,24,9876543261,ASL33446,Female,223-344-5567
100153,Michelle Campbell,19830613,Golden Gate,132,9876543262,ASL66779,Female,334-455-6678
100154,Laura Parker,20040101,Silver Street,247,9876543263,ASL99002,Female,445-566-7789
100155,Cynthia Evans,19930919,Bronze Boulevard,33,9876543264,ASL22335,Female,556-677-8890
100156,Kimberly Edwards,19990214,Copper Corner,19,9876543265,ASL55668,Female,667-788-9901
100157,Amy Collins,19860808,Platinum Place,4,9876543266,ASL88991,Female,778-899-0012
100158,Angela Stewart,20010420,Emerald Esplanade,91,9876543267,ASL11236,Female,889-900-1123
100159,Melissa Morris,19790525,Ruby Road,201,9876543268,ASL44569,Female,990-011-2234
100160,Brenda Rogers,20070707,Sapphire Street,52,9876543269,ASL77892,Female,001-122-3345
100161,Larry Reed,19850720,Sunbeam Street,110,9876543270,ASL12121,Male,111-222-3330
100162,Frank Cook,19920909,Moonlight Mile,220,9876543271,ASL34343,Male,222-333-4441
100163,Scott Morgan,19790203,Starlight Square,330,9876543272,ASL56565,Male,333-444-5552
100164,Eric Bell,20000416,Galaxy Gardens,440,9876543273,ASL78787,Male,444-555-6663
100165,Stephen Murphy,19881128,Comet Close,550,9876543274,ASL90909,Male,555-666-7774
100166,Justin Bailey,19950101,Nebula Nook,660,9876543275,ASL13131,Male,666-777-8885
100167,Raymond Rivera,19830606,Orion's Belt,770,9876543276,ASL35353,Male,777-888-9996
100168,Gregory Cooper,19980808,Polaris Path,880,9876543277,ASL57575,Male,888-999-0007
100169,Joshua Richardson,19760317,Vega Way,990,9876543278,ASL79797,Male,999-000-1118
100170,Jerry Cox,20031021,Sirius Street,1000,9876543279,ASL91919,Male,000-111-2229
100171,Pamela Howard,19870522,Sunbeam Street,112,9876543280,ASL12122,Female,111-222-3331
100172,Martha Ward,19940211,Moonlight Mile,222,9876543281,ASL34344,Female,222-333-4442
100173,Debra Torres,19810814,Starlight Square,332,9876543282,ASL56566,Female,333-444-5553
100174,Amanda Peterson,20020618,Galaxy Gardens,442,9876543283,ASL78788,Female,444-555-6664
100175,Stephanie Gray,19900104,Comet Close,552,9876543284,ASL90900,Female,555-666-7775
100176,Rebecca James,19970303,Nebula Nook,662,9876543285,ASL13132,Female,666-777-8886
100177,Laura Watson,19850909,Orion's Belt,772,9876543286,ASL35354,Female,777-888-9997
100178,Shirley Brooks,20001010,Polaris Path,882,9876543287,ASL57576,Female,888-999-0008
100179,Cynthia Kelly,19780718,Vega Way,992,9876543288,ASL79798,Female,999-000-1119
100180,Kathleen Sanders,20051225,Sirius Street,1002,9876543289,ASL91910,Female,000-111-2220
100181,Dennis Price,19861002,Freedom Way,1947,9876543290,ASL24680,Male,019-283-7465
100182,Walter Bennett,19930414,Victory Lane,1971,9876543291,ASL13579,Male,128-374-6501
100183,Patrick Wood,19801203,Republic Road,1950,9876543292,ASL35791,Male,237-465-0192
100184,Peter Barnes,20010815,Independence Avenue,1947,9876543293,ASL57913,Male,346-501-9283
100185,Harold Ross,19900126,Constitution Crescent,1950,9876543294,ASL79135,Male,450-192-8374
100186,Douglas Henderson,19960529,Sovereign Street,1,9876543295,ASL91357,Male,501-928-3746
100187,Henry Coleman,19831119,Unity Place,22,9876543296,ASL13570,Male,192-837-4650
100188,Carl Perry,19990221,Liberty Lane,18,9876543297,ASL35792,Male,283-746-5019
1e+215,Arthur Powell,19760623,Justice Junction,44,9876543298,ASL57914,Male,374-650-1928
100190,Ryan Long,20040704,Fraternity Fairway,76,9876543299,ASL79136,Male,465-019-2837
100191,Anna Patterson,19880308,Freedom Way,1948,9876543300,ASL24681,Female,501-928-3747
100192,Frances Hughes,19950915,Victory Lane,1972,9876543301,ASL13578,Female,192-837-4651
100193,Kelly Washington,19820101,Republic Road,1951,9876543302,ASL35793,Female,283-746-5010
1e+224,Heather Butler,20030726,Independence Avenue,1948,9876543303,ASL57915,Female,374-650-1929
100195,Teresa Simmons,19921005,Constitution Crescent,1951,9876543304,ASL79137,Female,465-019-2838
100196,Doris Foster,19980418,Sovereign Street,2,9876543305,ASL91359,Female,501-928-3748
100197,Shirley Gonzales,19850214,Unity Place,23,9876543306,ASL13571,Female,192-837-4652
100198,Judith Bryant,20010601,Liberty Lane,19,9876543307,ASL35794,Female,283-746-5011
100199,Lois Alexander,19780930,Justice Junction,45,9876543308,ASL57916,Female,374-650-1920
100200,Kathryn Russell,20061114,Fraternity Fairway,77,9876543309,ASL79138,Female,465-019-2839
100201,Juan Griffin,19870511,Silk Road,88,9876543310,ASL98712,Male,555-111-2222
100202,Willie Diaz,19940822,Spice Route,10,9876543311,ASL34587,Male,666-222-3333
100203,Carlos Hayes,19810303,Caravan Close,202,9876543312,ASL12398,Male,777-333-4444
100204,Louis Myers,20021010,Bazaar Boulevard,34,9876543313,ASL67843,Male,888-444-5555
100205,Billy Ford,19910719,Oasis Oval,5,9876543314,ASL89012,Male,999-555-6666
100206,Albert Hamilton,19970128,Sultan Street,1,9876543315,ASL45678,Male,000-666-7777
100207,Wayne Graham,19840606,Caliph Crescent,66,9876543316,ASL23456,Male,111-777-8888
100208,Randy Sullivan,19991130,Emir Esplanade,7,9876543317,ASL87654,Male,222-888-9999
100209,Eugene Wallace,19770909,Vizier View,30,9876543318,ASL09876,Male,333-999-0000
100210,Vincent Woods,20050401,Pasha Place,15,9876543319,ASL65432,Male,444-000-1111
100211,Christina Cole,19901016,Silk Road,89,9876543320,ASL98713,Female,555-111-2223
1billed,Marie West,19960207,Spice Route,12,9876543321,ASL34588,Female,666-222-3334
100213,Beverly Jordan,19830505,Caravan Close,204,9876543322,ASL12399,Female,777-333-4445
100214,Denise Owens,20040404,Bazaar Boulevard,36,9876543323,ASL67844,Female,888-444-5556
100215,Tammy Reynolds,19930820,Oasis Oval,7,9876543324,ASL89013,Female,999-555-6667
100216,Irene Fisher,19990610,Sultan Street,3,9876543325,ASL45679,Female,000-666-7778
100217,Jane Ellis,19861111,Caliph Crescent,68,9876543326,ASL23457,Female,111-777-8889
100218,Lori Harrison,20010101,Emir Esplanade,9,9876543327,ASL87655,Female,222-888-9990
100219,Rachel Gibson,19790214,Vizier View,32,9876543328,ASL09877,Female,333-999-0001
100220,Marilyn Mcdonald,20070815,Pasha Place,17,9876543329,ASL65433,Female,444-000-1112
100221,Russell Cruz,19850321,Maharaja Marg,1,9876543330,ASL55555,Male,121-343-5656
100222,Lawrence Marshall,19921108,Rani Path,10,9876543331,ASL66666,Male,232-454-6767
100223,Philip Ortiz,19780714,Rajputana Road,2,9876543332,ASL77777,Male,343-565-7878
100224,Bobby Gomez,20000119,Fortview Avenue,25,9876543333,ASL88888,Male,454-676-8989
100225,Johnny Murray,19890525,Palace Plaza,3,9876543334,ASL99999,Male,565-787-9090
100226,Bradley Freeman,19950912,Warrior Way,15,9876543335,ASL00000,Male,676-898-0101
539776,Arthur Dwayne,19950128,Richmond Street,285,9578963576,SFL36856,Male,456-759-6387
264860,Clara Dwayne,19970314,Richmond Street,285,9876543210,SFL45893,Female,879-654-3210
601480,Sarah Jenkins,19920422,Richmond Street,286,9123456780,SFL98321,Female,654-321-9870
901693,Edmund Muse,19781211,Silk Street,12,9012345678,SFL76452,Male,321-654-0987
108408,Oliver Smith,19900815,Maple Avenue,231,9098765432,SFL22987,Male,112-233-4455
471879,Michael Moore,19870630,Lakeview Colony,78,9345678901,SFL45876,Male,223-344-5566
804283,Enzo Dunkins,19941109,Parkside Villas,65,9765432109,SFL10983,Male,334-455-6677
346865,Peter Parkinson,19930525,Willow Lane,142,9456123789,SFL87231,Male,445-566-7788
326898,Susanne Parkinson,19881205,Willow Lane,142,9234567812,SFL56489,Female,556-677-8899
975347,Eva Maria,19960119,Rosewood Residency,89,9321876540,SFL39021,Female,667-788-9900
100227,Alan Wells,19820228,Cavalry Crescent,4,9876543336,ASL11111,Male,787-909-1212
100228,Samuel Webb,19980630,Shield Street,33,9876543337,ASL22222,Male,898-010-2323
100229,Clarence Simpson,19751225,Sword Square,5,9876543338,ASL33333,Male,909-121-3434
100230,Roger Stevens,20030417,Armor Alley,20,9876543339,ASL44444,Male,010-232-4545
100231,Andrea Tucker,19880801,Maharaja Marg,6,9876543340,ASL55556,Female,121-343-5657
100232,Joyce Porter,19940115,Rani Path,11,9876543341,ASL66667,Female,232-454-6768
100233,Joan Hunter,19811020,Rajputana Road,7,9876543342,ASL77778,Female,343-565-7879
100234,Evelyn Hicks,20020326,Fortview Avenue,26,9876543343,ASL88889,Female,454-676-8980
100235,Jean Crawford,19910702,Palace Plaza,8,9876543344,ASL99990,Female,565-787-9091
100236,Victoria Henry,19971118,Warrior Way,16,9876543345,ASL00001,Female,676-898-0102
100237,Cheryl Boyd,19840404,Cavalry Crescent,9,9876543346,ASL11112,Female,787-909-1213
100238,Mildred Mason,20000910,Shield Street,34,9876543347,ASL22223,Female,898-010-2324
100239,Gloria Morales,19770227,Sword Square,10,9876543348,ASL33334,Female,909-121-3435
100240,Janice Kennedy,20050621,Armor Alley,21,9876543349,ASL44445,Female,010-232-4546
100241,Satoshi Tanaka,19860905,Dragon Drive,8,9876543350,ASL78901,Male,789-012-3450
100242,Kenji Suzuki,19930318,Pagoda Place,88,9876543351,ASL23451,Male,890-123-4561
100243,Akira Takahashi,19801121,Bamboo Bend,168,9876543352,ASL67892,Male,901-234-5672
100244,Haruto Watanabe,20010825,Lotus Lane,18,9876543353,ASL12343,Male,012-345-6783
100245,Yuki Ito,19900211,Great Wall Way,1,9876543354,ASL56784,Male,123-456-7894
100246,Riku Yamamoto,19960428,Jade Junction,888,9876543355,ASL01235,Male,234-567-8905
100247,Kaito Nakamura,19831015,Silk Street,100,9876543356,ASL45676,Male,345-678-9016
100248,Sota Kobayashi,19990108,Emperor's Esplanade,9,9876543357,ASL89017,Male,456-789-0127
100249,Ren Kato,19760712,Dynasty Drive,5,9876543358,ASL34568,Male,567-890-1238
100250,Hiroshi Yoshida,20040509,Panda Path,28,9876543359,ASL78909,Male,678-901-2349
100251,Sakura Tanaka,19890419,Dragon Drive,10,9876543360,ASL78902,Female,789-012-3451
100252,Yui Suzuki,19950827,Pagoda Place,90,9876543361,ASL23452,Female,890-123-4562
100253,Hina Takahashi,19830115,Bamboo Bend,170,9876543362,ASL67893,Female,901-234-5673
100254,Rio Watanabe,20030220,Lotus Lane,20,9876543363,ASL12344,Female,012-345-6784
100255,Mao Ito,19920622,Great Wall Way,3,9876543364,ASL56785,Female,123-456-7895
100256,Sara Yamamoto,19981205,Jade Junction,890,9876543365,ASL01236,Female,234-567-8906
100257,Miu Nakamura,19850519,Silk Street,102,9876543366,ASL45677,Female,345-678-9017
100258,Yuna Kobayashi,20010307,Emperor's Esplanade,11,9876543367,ASL89018,Female,456-789-0128
100259,Rin Kato,19781014,Dynasty Drive,7,9876543368,ASL34569,Female,567-890-1239
100260,Ichika Yoshida,20060711,Panda Path,30,9876543369,ASL78900,Female,678-901-2